First Name [Required],Last Name [Required],Email Address [Required],Status [READ ONLY],Last Sign In [READ ONLY]
a1,b1,a1@seritium.es,Active,2021/01/20 04:35:00
Aaron,Mancilla Montero,amanmon344@seritium.es,Active,2021/02/07 12:30:22
Abel,Calvo Izquierdo,acalizq2810@seritium.es,Active,2021/02/02 12:07:33
Abraham,Linde Sobrino,alinsob639@seritium.es,Active,2021/01/28 14:48:57
Abrahám,García Rodríguez,agarrod444f@seritium.es,Active,2021/02/06 19:29:06
Adam,Cañas Amorós,acanamo1304@seritium.es,Active,2021/02/07 07:01:42
Adam,Herrera Barrios,aherbar766@seritium.es,Active,2021/02/08 03:22:20
Adonay,Baro Reyes,abarrey1012@seritium.es,Active,2021/01/26 09:49:54
Adonaya,Lobato García,alobgar759@seritium.es,Active,2020/11/04 11:52:45
Adriana,Barea Chacón,abarcha517@seritium.es,Active,2021/02/08 03:44:53
Adriana,De Rueda Tornero,aruetor0706@seritium.es,Active,2021/02/05 09:30:30
Adriana,Fernández Holgado,aferhol1411@seritium.es,Active,2021/02/02 09:13:53
Adriana,Cadena Trujillo,acadtru539@seritium.es,Active,2020/11/25 09:54:02
Adrián,Jiménez López,ajimlop206@seritium.es,Active,2020/11/02 23:38:31
Adrián,Flores Sarmiento,aflosar1305@seritium.es,Active,2021/02/01 02:02:17
Adrián,Saborido Vázquez,asabvaz634@seritium.es,Active,2021/02/05 02:57:56
Adrián,Varo Piñero,avarpin678@seritium.es,Active,2021/02/05 01:05:33
Adrián,Luna Rodríguez,alunrod893@seritium.es,Active,2021/02/05 07:48:10
Adrián,Giraldo Pinto,agirpin595@seritium.es,Active,2021/01/30 05:04:05
Adrián,Medina Martín,amedmar618@seritium.es,Active,2021/01/25 21:14:21
Adrián,Vivas Grifol,avivgri433@seritium.es,Active,2021/02/07 08:43:16
Adrián,Durán Perdigones,adurper062@seritium.es,Active,2021/02/05 10:48:11
Adrián,Reina Ahucha,areiahu660@seritium.es,Active,2021/02/02 09:55:53
Adrián,García Barea,agarbar645@seritium.es,Active,2021/02/07 08:50:01
Adrián,Romero Arteaga,aromart179@seritium.es,Active,2021/02/07 02:39:44
Adán,González Osorio,agonoso2609@seritium.es,Active,2021/01/28 00:25:52
Adán Geovani,Jiménez Olive,ajimoli479@seritium.es,Active,2021/02/07 10:58:50
Africa,Sotelo Tristán,asottri2507@seritium.es,Active,2021/02/07 09:37:18
Aida,Mata Sánchez,amatsan1909@seritium.es,Active,2020/12/13 10:57:55
Ainara,Caro Racero,acarrac966@seritium.es,Active,2021/02/08 04:45:03
Ainara,Linde Sobrino,alinsob0109@seritium.es,Active,2020/12/16 11:28:50
Ainhoa,Gómez Padilla,agompad2709@seritium.es,Active,2021/02/08 04:51:02
Ainhoa,Jiménez Pedro,ajimped552@seritium.es,Active,2021/02/07 23:07:31
Ainhoa,Morilla Amor,amoramo005@seritium.es,Active,2021/02/07 10:03:41
Ainhoa,López Moncayo,alopmon736@seritium.es,Active,2021/02/07 23:57:37
Aitana,Jiménez Curbelo,ajimcur817@seritium.es,Active,2021/02/08 06:37:04
Aitana,Tissera Padilla,atispad897@seritium.es,Active,2021/01/22 06:12:57
Aitor,Narbona Laurente,anarlau229@seritium.es,Active,2021/02/08 02:17:52
Alba,Blanco Martínez,ablamar1202@seritium.es,Active,2021/02/08 03:00:37
Alba,Martín Soto,amarsot0603@seritium.es,Active,2021/02/06 04:11:42
Alba,Gallego Heredia,agalher2706@seritium.es,Active,2021/02/02 04:10:46
Alba,Valderas Almagro,avalalm058@seritium.es,Active,2021/02/08 02:50:07
Alba,Núñez Moreno,anunmor0110b@seritium.es,Active,2021/01/28 01:48:35
Alba,Millán Lozano,amilloz2007@seritium.es,Active,2021/02/01 08:26:18
Alba,Gutiérrez Boeta,agutboe0709@seritium.es,Active,2021/02/08 05:28:05
Alba,Delgado Alanzávez,adelala737@seritium.es,Active,2020/12/03 09:48:58
Alba,Lebrón García,alebgar137@seritium.es,Active,2021/02/06 03:19:42
Alba María,López Rodríguez,aloprod619@seritium.es,Active,2021/02/08 07:13:11
Alba María,Martínez Salado,amarsal0209@seritium.es,Active,2021/02/04 09:11:41
Alba María,Jaén Pérez,ajaeper2008@seritium.es,Active,2021/01/22 08:27:00
Alba María,Millán Orellana,amilore479@seritium.es,Active,2021/02/08 03:45:14
Alba Pilar,Ríos Alés,arioale954@seritium.es,Active,2020/12/22 16:54:25
Alba Rosa,Roales Mendoza,aroamen611@seritium.es,Active,2021/02/04 07:08:23
Alberto,Garrido Almagro,agaralm438@seritium.es,Active,2021/02/08 04:37:30
Alberto,González Lema,agonlem785@seritium.es,Active,2021/02/07 03:19:11
Alberto,García Holgado,agarhol1312@seritium.es,Active,2021/02/07 08:55:13
Alberto,Rivera Cabrera,arivcab125@seritium.es,Active,2021/02/05 04:45:50
Alberto,Vega Palomo,avegpal2701@seritium.es,Active,2021/02/06 03:52:18
Alberto,Peña Corral,apencor671@seritium.es,Active,2021/02/07 12:16:15
Alberto Lorenzo,Calderón Solís,acalsol783@seritium.es,Active,2021/02/04 09:33:51
Alejandra,Gallego Rodríguez,agalrod0402@seritium.es,Active,2021/02/08 03:10:13
Alejandra,Andrades Marcos,aandmar114@seritium.es,Active,2021/02/08 04:59:15
Alejandra,Morón Infante,amorinf469@seritium.es,Active,2021/02/05 01:19:44
Alejandra,Hernández Sánchez,ahersan2611@seritium.es,Active,2021/02/05 10:30:55
Alejandro,González Rodríguez,agonrod813@seritium.es,Active,2021/02/08 02:42:47
Alejandro,Romero Hurtado,aromhur808@seritium.es,Active,2021/01/09 01:52:13
Alejandro,Morato Jiménez,amorjim127@seritium.es,Active,2021/01/29 13:38:38
Alejandro,Fernández Sepúlveda,afersep987@seritium.es,Active,2021/01/17 09:00:00
Alejandro,Rodríguez Moreno,arodmor2806b@seritium.es,Active,2021/01/13 11:21:17
Alejandro,López Flores,alopflo495@seritium.es,Active,2020/10/06 08:08:21
Alejandro,Toro Morales,atormor1203@seritium.es,Active,2021/02/04 16:21:25
Alejandro,Barrios Astorga,abarast241@seritium.es,Active,2021/02/07 08:40:53
Alejandro,González Vázquez,agonvaz296@seritium.es,Active,2021/02/08 02:41:25
Alejandro,Román Miguel,arommig892@seritium.es,Active,2021/02/07 09:43:02
Alejandro,Descalzo Ocaña,adesoca395@seritium.es,Active,2021/02/08 03:35:28
Alejandro,Jiménez Duarte,ajimdua317@seritium.es,Active,2021/02/08 01:51:31
Alejandro,Chacón Pérez,achaper433@seritium.es,Active,2021/01/19 08:12:11
Alejandro,Gutiérrez Galán,agutgal542@seritium.es,Active,2021/02/04 07:05:15
Alejandro,Pérez Soto,apersot442@seritium.es,Active,2021/02/08 02:53:20
Alejandro,Fernández Domínguez,aferdom632@seritium.es,Active,2021/02/07 12:05:17
Alejandro,Serralvo Alcón,aseralc041@seritium.es,Active,2021/02/07 03:21:20
Alejandro,Muñoz Figueroa,amunfig1012@seritium.es,Active,2021/02/08 05:27:40
Alejandro José,Rafael Cea,arafcea2801@seritium.es,Active,2021/02/07 12:14:45
Alejandro Lucas,Lazar,alaz0311@seritium.es,Active,2021/01/23 08:30:57
Alejandro Rene,Díaz Salamanca,adiasal507@seritium.es,Active,2021/02/08 04:02:01
Alex,Gilabert Rivas,agilriv933@seritium.es,Active,2021/02/08 01:08:59
Alex-Guillermo,Carpio García,acargar185@seritium.es,Active,2021/02/08 03:51:50
Alexander,García Vasenkov,agarvas014@seritium.es,Active,2021/01/24 11:09:35
Alicia,Arniz Guerra,aarngue1709@seritium.es,Active,2021/01/28 00:20:40
Almudena,Armida Arias,aarmari834@seritium.es,Active,2021/02/04 09:12:04
Almudena,Medina Pruaño,amedpru2303@seritium.es,Active,2021/02/08 05:14:00
Amelia,Bueno Paino,abuepai2405@seritium.es,Active,2021/02/06 03:16:43
Amelie,Garrido Cobos,agarcob637@seritium.es,Active,2021/02/08 04:46:55
Ana,García Sánchez,agarsan084@seritium.es,Active,2021/01/29 04:35:26
Ana,García Gámez,agargam374@seritium.es,Active,2021/02/08 03:49:09
Ana,Moscoso Carrasco,amoscar293@seritium.es,Active,2021/02/07 10:46:13
Ana,Ramos Vázquez,aramvaz231@seritium.es,Active,2021/02/07 01:21:51
Ana,Carrasco Villalba,acarvil153@seritium.es,Active,2021/02/08 02:45:29
Ana,Barroso Moreno,abarmor086@seritium.es,Active,2021/02/08 01:21:14
Ana,Coronil Mateos,acormat392@seritium.es,Active,2021/02/04 04:28:45
Ana,Barbosa Sarmiento,abarsar435@seritium.es,Active,2021/02/03 09:08:31
Ana Belén,Gutiérrez Mancilla,agutman914@seritium.es,Active,2021/02/03 01:21:58
Ana Belén,Muñoz Benítez,amunben673@seritium.es,Active,2021/02/04 07:39:49
Ana Eugenia,Mancilla Rodríguez,amanrod194@seritium.es,Active,2021/01/31 03:18:20
Ana Isabel,Cañada Sánchez,acansan693@seritium.es,Active,2020/12/11 09:29:05
Ana Luisa,Urbano Valderrama,aurbval0911@seritium.es,Active,2021/01/28 07:36:57
Ana María,Toajas Taviel de Andrade,atoatav1002@seritium.es,Active,2021/01/30 02:19:05
Ana Patricia,Lucena Morales,alucmor920@seritium.es,Active,2021/02/08 02:55:14
Ana Yong Yuli,Arriaza García,aarrgar087@seritium.es,Active,2021/02/08 06:38:30
Anabel,Pérez Orihuela,aperori1110@seritium.es,Active,2020/12/02 07:28:02
Anastasia,Martín-Bejarano Solís,amarsol1101@seritium.es,Active,2021/01/09 16:26:58
Andrea,Chía Márquez,achimar558@seritium.es,Active,2021/02/06 06:30:47
Andrea,Mariscal Palomino,amarpal492@seritium.es,Active,2021/02/05 00:01:43
Andrea,Villalá Mena,avilmen146@seritium.es,Active,2021/01/26 02:02:31
Andrea,Jiménez Sotomayor,ajimsot1408@seritium.es,Active,2021/02/02 14:25:16
Andrea,Marín Atienza,amarati0607@seritium.es,Active,2021/01/25 01:55:56
Andrés,Gómez Fernández,agomfer029@seritium.es,Active,2021/01/27 00:21:17
Andrés,Sánchez Rodríguez,asanrod638n@seritium.es,Active,2021/02/04 07:19:11
Anna,Kornat,akor129y@seritium.es,Active,2021/01/28 07:39:08
Antonio,Flores Morales,aflomor2502@seritium.es,Active,2021/02/07 23:13:28
Antonio,Soto Irles,asotirl0711@seritium.es,Active,2021/02/02 09:39:54
Antonio,Rodríguez Naranjo,arodnar152@seritium.es,Active,2021/01/24 23:22:22
Antonio,García Mármol,agarmar1010b@seritium.es,Active,2021/02/02 07:49:42
Antonio,Flores Marchante,aflomar187@seritium.es,Active,2021/02/06 17:07:41
Antonio,Rueda Frías,aruefri729@seritium.es,Active,2021/02/07 08:31:24
Antonio,Montilla Del Águila,amonagu0310@seritium.es,Active,2021/02/01 08:46:11
Antonio,Jiménez Duplain,ajimdup278@seritium.es,Active,2021/02/08 04:51:23
Antonio,Dormido Bermúdez,adorber1104@seritium.es,Active,2021/02/05 00:01:11
Antonio,Cabezas Bernal,acabber716@seritium.es,Active,2021/01/31 03:12:16
Antonio,Urbano Gómez,aurbgom@seritium.es,Active,2021/01/23 07:28:51
Antonio,Domínguez Sánchez,adomsan777@seritium.es,Active,2021/02/07 05:06:04
Antonio,Armario Millán,aarmmil414@seritium.es,Active,2021/02/08 03:39:29
Antonio David,Blázquez Vargas,ablavar1206@seritium.es,Active,2021/01/29 06:28:22
Antonio Jesús,Suárez Gómez,asuagom405@seritium.es,Active,2021/02/08 04:51:58
Antonio José,González Díaz,agondia630@seritium.es,Active,2021/01/29 10:35:35
Aroa,Magán Beato,amagbea1712@seritium.es,Active,2021/02/05 02:56:49
Athenas de la Rosa,Linares Romero,alinrom408@seritium.es,Active,2021/01/10 04:21:12
Aurora del Rocío,Abad Alanzavez,aabaala329@seritium.es,Active,2021/01/18 10:51:18
Baltasar,López Puerto,bloppue475@seritium.es,Active,2021/02/08 05:27:23
Beatriz,Brandón Ragel,bbrarag194@seritium.es,Active,2021/02/04 02:28:11
Beatriz,Mena Herrera,bmenher755@seritium.es,Active,2021/02/08 03:22:29
Belén,González Galán,bgongal312@seritium.es,Active,2021/02/08 03:39:21
Benjamín,Fernández Padilla,bferpad008@seritium.es,Active,2021/02/06 11:38:22
Benjamín,Rosado Romero,brosrom0102@seritium.es,Active,2021/01/07 07:40:12
Berta,Muñoz Vázquez,bmunvaz2607@seritium.es,Active,2021/02/02 04:27:59
Berta,Lobo Morales,blobmor868@seritium.es,Active,2021/02/04 00:20:38
Bianca,Gonçalves De Paula,bgonpau2209@seritium.es,Active,2021/02/04 13:09:53
Blanca,González Mejías,bgonmej0809@seritium.es,Active,2021/02/05 10:10:02
Borja,Salmerón Mezcua,bsalmez1809@seritium.es,Active,2021/02/04 12:06:01
Borja,Carrillo Corrales,bcarcor274@seritium.es,Active,2021/01/30 04:10:57
Brenda,Torres Samose,btorsam918@seritium.es,Active,2021/02/07 10:18:51
Candela,Sánchez Lobo,csanlob647@seritium.es,Active,2021/02/06 16:18:59
Candela,Flores Morales,cflomor048@seritium.es,Active,2021/02/04 11:07:00
Candela,Gutiérrez Jurado,cgutjur084@seritium.es,Active,2021/02/07 10:34:15
Carla,Menacho Medina,cmenmed584@seritium.es,Active,2021/02/01 12:36:27
Carla,Toajas Taviel de Andrade,ctoatav2307@seritium.es,Active,2021/02/05 00:02:57
Carla,Benítez Gómez,cbengom0108@seritium.es,Active,2021/02/08 04:43:13
Carla,Fernández De la Rosa,cferros215@seritium.es,Active,2021/02/07 10:16:59
Carla Xiomara,Ruiz Colina,cruicol810@seritium.es,Active,2021/01/15 12:16:37
Carlos,Jiménez Pérez,cjimper592@seritium.es,Active,2021/02/06 15:20:35
Carlos,Racero Vivero,cracviv0902@seritium.es,Active,2021/02/07 13:59:11
Carlos,Portela Fernández,cporfer186@seritium.es,Active,2021/02/08 04:50:53
Carlos,Armario Millán,carmmil413@seritium.es,Active,2020/12/14 05:15:33
Carlos Daniel,Barea Espinosa,cbaresp390@seritium.es,Active,2021/02/07 12:10:46
Carmen,Cabrera Romero,ccabrom0612@seritium.es,Active,2021/01/29 07:37:37
Carmen,Llamas Ballesteros,cllabal1805@seritium.es,Active,2020/11/19 04:33:39
Carmen,Rodríguez Serrano,crodser553@seritium.es,Active,2021/02/05 02:59:33
Carmen,Gil Ruiz,cgilrui295@seritium.es,Active,2021/01/23 11:25:03
Carmen,Pino Lara,cpinlar327@seritium.es,Active,2021/02/05 07:26:39
Carmen,Atienza Mariscal,catimar398@seritium.es,Active,2021/02/07 08:55:33
Carmen Gloria,Fernández Andrades,cferand423@seritium.es,Active,2021/02/08 03:51:13
Carmen Huafeng,Pérez Muñoz,cpermun370@seritium.es,Active,2021/02/06 13:59:34
Carmen Pilar,Delgado González,cdelgon209@seritium.es,Active,2021/02/02 04:26:59
Carolina,Jaén Valencia,cjaeval0907@seritium.es,Active,2021/01/29 03:46:19
Carolina,Zambrano Corrales,czamcor570@seritium.es,Active,2021/01/29 04:28:01
Carolina,Fernández Sánchez,cfersan095@seritium.es,Active,2021/02/01 09:46:22
Celia,De la Cruz Hermosín,ccruher246@seritium.es,Active,2021/02/05 00:02:13
Celia,Mellado Pérez,cmelper1808@seritium.es,Active,2021/01/21 13:00:02
Celia,Cabeza de Vaca López,ccablop0511@seritium.es,Active,2021/02/07 05:17:17
Chaimaa,Boukhari Kadimi,cboukad563@seritium.es,Active,2020/11/26 06:06:18
Christian,Arenas Vázquez,carevaz082@seritium.es,Active,2021/02/08 03:42:30
Christian,Omil González,comigon285@seritium.es,Active,2021/01/30 07:25:08
Christian,Silva González,csilgon0604@seritium.es,Active,2021/02/08 06:37:10
Claudia,Rosa Mancilla,crosman1202@seritium.es,Active,2021/02/08 03:50:52
Claudia,Fernández Cordón,cfercor1511@seritium.es,Active,2021/02/02 08:38:09
Claudia,Mateos Marín,cmatmar817@seritium.es,Active,2021/01/23 14:40:36
Claudia,Ruiz Jarén,cruijar2505@seritium.es,Active,2021/02/02 04:27:08
Claudia,Prieto Ortegón,cpriort827@seritium.es,Active,2021/02/04 04:19:48
Claudia,Corchado Pérez,ccorper1208@seritium.es,Active,2021/02/03 11:25:14
Claudia,Manjón Carmona,cmancar434@seritium.es,Active,2021/02/08 02:58:24
Claudia,Córdoba Rodríguez,ccorrod741@seritium.es,Active,2021/02/07 07:06:26
Claudia,Cárdenas García,ccargar336@seritium.es,Active,2020/12/31 02:53:54
Claudia,Caballero Sicilia,ccabsic0911@seritium.es,Active,2021/02/06 09:19:22
Claudia,Pazos Quirós,cpazqui448@seritium.es,Active,2021/02/03 00:37:42
Claudia Nazaret,Oliva Morales,colimor045y@seritium.es,Active,2021/01/27 03:03:57
Coraima,Montero Mateos,cmonmat1711@seritium.es,Active,2021/01/16 10:41:04
Coral,Muñoz Hidalgo,cmunhid417@seritium.es,Active,2021/02/08 00:39:26
Coral de los Dolores,Cabrera Mejías,ccabmej1308@seritium.es,Active,2021/01/19 07:31:58
Cristian,Luque Ruiz,cluqrui1412@seritium.es,Active,2021/02/04 05:31:14
Cristian,Ardila Carmona,cardcar759@seritium.es,Active,2020/11/25 14:57:20
Cristian,Guerrero Pina,cguepin481@seritium.es,Active,2021/02/06 14:02:48
Cristian,Roza Garrido,crozgar2707@seritium.es,Active,2021/02/02 00:56:57
Cristian,Mancilla Montero,cmanmon343@seritium.es,Active,2021/02/08 04:48:24
Cristian,Torreño García,ctorgar582@seritium.es,Active,2021/02/03 12:17:53
Cristina,Pérez Romero,cperrom567@seritium.es,Active,2021/02/07 03:03:56
Cristina,López Oteros,clopote2104@seritium.es,Active,2020/10/24 14:25:00
Cristina,De la O Hay,cohay330@seritium.es,Active,2021/02/07 23:33:39
Dafne,Real Castillo,dreacas2606@seritium.es,Active,2020/12/21 12:58:46
Daniel,Camacho Sanz,dcamsan409@seritium.es,Active,2021/02/07 09:38:02
Daniel,López Puerto,dloppue474@seritium.es,Active,2021/02/08 02:58:47
Daniel,Delgado Guerrero,ddelgue137@seritium.es,Active,2021/02/08 03:09:44
Daniel,Crespo Pérez,dcreper490@seritium.es,Active,2021/01/29 01:20:45
Daniel,Ureña Conde,durecon529@seritium.es,Active,2021/02/08 02:22:47
Daniel,Chilla Barba,dchibar201@seritium.es,Active,2020/12/16 04:37:01
Daniel,Barba Ortega,dbarort206@seritium.es,Active,2021/02/04 07:21:50
Daniel,Moreno Peña,dmorpen713@seritium.es,Active,2021/02/07 02:20:16
Daniel,Marchante Lara,dmarlar122@seritium.es,Active,2021/02/04 05:30:18
Daniel,Gutiérrez Jiménez,dgutjim2110@seritium.es,Active,2021/02/04 00:41:43
Daniel,Morales López,dmorlop819@seritium.es,Active,2021/02/05 06:55:59
Daniel,Delgado González,ddelgon208@seritium.es,Active,2021/01/08 18:33:16
Daniel,Jiménez Ramírez,djimram0107@seritium.es,Active,2021/01/29 08:15:42
Daniel,Valenzuela Rosales,dvalros1208@seritium.es,Active,2020/11/29 08:07:47
Daniel,Richarte González,dricgon713@seritium.es,Active,2020/12/12 10:14:50
Daniel,Fernández Navarro,dfernav221@seritium.es,Active,2021/02/04 15:44:17
Daniel,Sánchez Silva,dsansil981@seritium.es,Active,2021/01/27 09:45:12
Daniel,Cabañas Chacón,dcabcha056@seritium.es,Active,2021/02/08 03:35:41
Daniela,Foix Luna,dfoilun156@seritium.es,Active,2021/02/08 04:05:26
Daniela,Rodríguez García,drodgar0808@seritium.es,Active,2021/01/22 04:58:02
Daniela,Ruiz Roldán,druirol1309@seritium.es,Active,2021/02/04 22:36:13
Daniela,Carmona Carreño,dcarcar923@seritium.es,Active,2021/02/08 04:11:57
Daniela,Jiménez Beltrán,djimbel2109@seritium.es,Active,2021/01/31 02:24:16
Daniela,Caro Castro,dcarcas197@seritium.es,Active,2021/02/08 06:52:58
Daniela,Sánchez Fernández,dsanfer996@seritium.es,Active,2021/02/03 03:29:26
Daniela,Romero García,dromgar2607@seritium.es,Active,2021/01/28 03:43:42
Darío,Benítez Delgado,dbendel0603@seritium.es,Active,2021/02/05 07:43:11
Darío,Pavón Cruces,dpavcru041@seritium.es,Active,2021/02/06 06:29:47
David,Pérez González,dpergon1904@seritium.es,Active,2021/01/25 02:28:41
David,Megías García,dmeggar092@seritium.es,Active,2021/02/07 13:20:25
David,González Carmona,dgoncar776@seritium.es,Active,2021/02/08 02:55:36
David,González Diosdado,dgondio448@seritium.es,Active,2021/02/07 10:17:17
David,Galisteo García,dgalgar2808@seritium.es,Active,2021/02/04 00:21:37
David,Herrera Salado,dhersal080@seritium.es,Active,2021/02/08 04:44:22
David,Pérez García,dpergar1506@seritium.es,Active,2021/01/31 01:33:26
David,García Macías,dgarmac249@seritium.es,Active,2021/02/08 03:41:28
David,Bustillo Rubens,dbusrub853@seritium.es,Active,2021/02/07 09:01:38
David,Caballero Garrido,dcabgar040@seritium.es,Active,2021/01/07 11:23:52
David,Flores Rubio,dflorub877@seritium.es,Active,2021/02/05 03:13:13
David,Calvo Romero,dcalrom696@seritium.es,Active,2021/02/07 09:59:42
David,Orellana Gómez,doregom849@seritium.es,Active,2021/02/03 13:37:02
David,García Gil,dgargil648@seritium.es,Active,2021/02/04 23:28:07
David,Lanzarote Castro,dlancas2507@seritium.es,Active,2021/02/08 03:54:18
David,Romero Ruiz de Castro,dromrui0408@seritium.es,Active,2021/02/07 07:52:28
Davinia,Barea Robles,dbarrob904@seritium.es,Active,2021/02/08 04:48:35
Dayron,Galindo Vega,dgalveg935@seritium.es,Active,2021/01/29 03:13:28
Dennis,Torres Samose,dtorsam917@seritium.es,Active,2021/02/07 00:40:13
Desirée,Peña López,dpenlop2508@seritium.es,Active,2021/02/08 07:23:02
Desirée Melinda,Molina Saldivar,dmolsal601@seritium.es,Active,2021/01/27 10:48:32
Desirée del Rosario,Núñez Ramírez,dnunram217@seritium.es,Active,2021/02/08 00:03:08
Diego,Reina Fernández,dreifer548@seritium.es,Active,2021/02/07 23:51:54
Diego,Robles Baranda,drobbar1711@seritium.es,Active,2021/02/05 00:03:40
Diego,López Jiménez,dlopjim1208@seritium.es,Active,2021/01/19 04:24:04
Diego José,Moyano Alcaide,dmoyalc038@seritium.es,Active,2021/02/07 16:37:46
Dolores,Cornejo Ruiz,dcorrui406@seritium.es,Active,2021/02/01 06:51:21
Dolores,Jiménez Ruiz,djimrui131@seritium.es,Active,2021/01/29 03:51:23
Eduardo,Heredia Gutiérrez,ehergut755@seritium.es,Active,2021/02/05 08:29:46
Egan,Flores Lagartera,eflolag2611@seritium.es,Active,2021/02/07 10:15:48
Elena,Vallejo Zambrano,evalzam800@seritium.es,Active,2021/02/03 03:46:19
Elena,Silva Moreno,esilmor435@seritium.es,Active,2021/01/30 06:32:54
Elena,Sánchez Ramírez,esanram392@seritium.es,Active,2021/02/08 01:08:22
Elena,Sánchez García,esangar0608@seritium.es,Active,2021/02/07 05:07:38
Elena,Muñoz Díaz,emundia660@seritium.es,Active,2021/02/03 07:49:42
Elena,Rubio Fernández,erubfer321@seritium.es,Active,2021/02/07 03:19:01
Elena,Silva González,esilgon2905@seritium.es,Active,2021/02/05 02:32:25
Eloy,Partida Noble,eparnob932@seritium.es,Active,2021/02/05 04:16:52
Elvira,Letrán Molina,eletmol416@seritium.es,Active,2021/02/07 11:47:06
Elías,Tenorio Contreras,etencon0709@seritium.es,Active,2021/02/07 02:16:57
Emma,Carrión Cros,ecarcro953@seritium.es,Active,2021/01/30 03:30:09
Emma,Guerra Franco,eguefra877@seritium.es,Active,2021/01/27 11:39:30
Emma,Ibars González,eibagon137@seritium.es,Active,2021/01/21 09:18:26
Enrique,Mediavilla Ramírez,emedram748@seritium.es,Active,2021/02/08 00:37:06
Enrique,Sánchez García,esangar0309@seritium.es,Active,2021/01/26 00:55:38
Enrique,Barroso González,ebargon178@seritium.es,Active,2021/02/04 05:31:39
Erica,Rodríguez Hermoso,erodher0412@seritium.es,Active,2021/01/26 12:04:34
Esperanza de la Yedra,Caro Gutiérrez de Quijano,ecargut077@seritium.es,Active,2021/02/05 14:17:26
Esteban,Sánchez Ruiz,esanrui0409@seritium.es,Active,2021/02/05 10:18:33
Esteban José,Del Pino Lozano,epinloz2103@seritium.es,Active,2021/02/01 08:00:31
Estela,Valle Atienza,evalati339@seritium.es,Active,2021/02/03 04:29:20
Esther,Lechuga Martín,elecmar0407@seritium.es,Active,Never logged in
Estrella,Aguilar Domínguez,eagudom027@seritium.es,Active,2021/02/08 02:44:34
Eva Luna,Martínez De la Cruz,emarcru628@seritium.es,Active,2021/02/01 06:39:11
Fabiola,Berenguer Torrecilla,fbertor1512@seritium.es,Active,2021/02/02 04:27:20
Fermín,Medinilla Cenizo,fmedcen2511@seritium.es,Active,2021/02/08 06:52:56
Fernando,Núñez Cañero,fnuncan690@seritium.es,Active,2021/02/08 01:59:38
Fernando,Fernández Lozano,fferloz0108@seritium.es,Active,2021/01/09 13:20:48
Fernando,Morón Sánchez,fmorsan976l@seritium.es,Active,2021/02/08 02:55:52
Fernando,Ruiz Murciano,fruimur0107@seritium.es,Active,2021/02/08 00:20:53
Francisco,Guerrero Mediavilla,fguemed143@seritium.es,Active,2021/01/06 13:07:18
Francisco,Serrano Blanca,fserbla1610@seritium.es,Active,2021/02/07 23:38:21
Francisco,Navarro Muñoz,fnavmun251@seritium.es,Active,2021/01/25 03:32:54
Francisco,Peña Bohórquez,fpenboh326@seritium.es,Active,2021/02/07 02:46:49
Francisco,Alba Parada,falbpar836@seritium.es,Active,2021/02/06 06:30:53
Francisco Gabriel,Ramírez Fernández,framfer235@seritium.es,Active,2021/01/26 07:13:53
Francisco Gabriel,Junquera Santos,fjunsan750@seritium.es,Active,2021/02/04 08:51:24
Francisco Javier,Cabezas Bernal,fcabber715@seritium.es,Active,2021/02/08 07:13:24
Francisco Javier,Ponce Ruiz,fponrui509@seritium.es,Active,2021/02/05 01:23:34
Francisco Javier,Gómez Montero,fgommon2210@seritium.es,Active,2021/01/10 06:45:59
Francisco Javier,Gómez Enríquez,fgomenr2909@seritium.es,Active,2021/02/01 10:40:06
Francisco Javier,Conde Nieves,fconnie154@seritium.es,Active,2021/02/05 02:52:34
Francisco José,Márquez Capel,fmarcap384@seritium.es,Active,2021/02/02 13:14:40
Francisco de Borja,Delgado Lavilla,fdellav1110@seritium.es,Active,2021/02/07 09:55:02
Gabriel,Hernández Santiago,ghersan548@seritium.es,Active,2021/02/07 07:05:37
Gabriel,Sánchez Escandell,gsanesc292@seritium.es,Active,2021/01/28 00:00:21
Gabriel,García Bermejo,ggarber2807@seritium.es,Active,2021/02/05 02:49:50
Gabriela,Jiménez Flores,gjimflo562@seritium.es,Active,2021/02/08 04:00:21
Germán,Carrillo Rodríguez,gcarrod088@seritium.es,Active,2021/02/08 03:53:45
Gonzalo,García Vega,ggarveg352@seritium.es,Active,2021/02/04 09:47:44
Gonzalo,Valle Ramos,gvalram607@seritium.es,Active,2021/02/06 01:00:35
Gonzalo,Ganaza Gómez,ggangom1212@seritium.es,Active,2020/12/29 09:08:43
Gonzalo,Ceballos Crespo,gcebcre986@seritium.es,Active,2021/02/02 03:51:05
Guillermo,Alanís Perujo,galaper042@seritium.es,Active,2021/02/07 09:01:42
Guillermo,Orgambides López,gorglop850@seritium.es,Active,2021/01/19 10:00:18
Hadrián,Filgueira Campelo,hfilcam3010@seritium.es,Active,2021/02/08 06:11:37
Helena,Vignerón González,hviggon582@seritium.es,Active,2021/02/05 01:25:29
Helena María,Flores García,hflogar234@seritium.es,Active,2021/02/08 01:02:09
Hugo,Romero Rendón,hromren899@seritium.es,Active,2021/01/31 11:04:25
Hugo,Carrasco Delgado,hcardel2804@seritium.es,Active,2021/01/30 12:32:29
Hugo,Valle Garvín,hvalgar000@seritium.es,Active,2021/02/04 12:14:03
Hugo,Franco Gallego,hfragal656@seritium.es,Active,2021/02/08 03:27:54
Hugo,Galafate Gallardo,hgalgal0208@seritium.es,Active,2021/01/30 07:04:49
Hugo,Villa Zayas,hvilzay352@seritium.es,Active,2020/12/13 09:37:10
Hugo,Rojas Valle,hrojval834@seritium.es,Active,2021/02/07 15:16:21
Hugo,Muñoz Figueroa,hmunfig2107@seritium.es,Active,2021/02/05 00:01:49
Hugo,Reina Ahucha,hreiahu1705@seritium.es,Active,2021/01/29 03:04:06
Ignacio,García Gil,igargil649@seritium.es,Active,2021/01/29 09:48:23
Ignacio,Córdoba Rodríguez,icorrod742@seritium.es,Active,2021/02/06 02:05:44
Ignacio,Vega Gómez,iveggom3107@seritium.es,Active,2021/02/07 10:58:24
Ignacio,Morales Del Águila,imoragu873@seritium.es,Active,2021/02/05 01:23:28
Iker,Sánchez Romero,isanrom609@seritium.es,Active,2021/02/07 07:08:19
Iker,Callesi Franco,icalfra588@seritium.es,Active,2021/02/04 08:32:19
Iker,Espinosa Algeciras,iespalg2608@seritium.es,Active,2021/02/07 08:41:03
Inmaculada,Montero Campos,imoncam355@seritium.es,Active,2021/02/08 04:52:24
Inmaculada,Enríquez Moreno,ienrmor852@seritium.es,Active,2021/02/08 03:52:00
Inés María,Blanco Valle,iblaval773@seritium.es,Active,2021/02/08 02:38:02
Irene,Vignerón González,iviggon581@seritium.es,Active,2021/02/08 07:01:52
Irene,Amador Orellana,iamaore172@seritium.es,Active,2021/01/06 04:58:04
Irene,Curtido Sánchez,icursan133@seritium.es,Active,2021/02/08 04:45:52
Irene,Ramírez Gutiérrez,iramgut839@seritium.es,Active,2021/02/08 01:34:04
Irene,Pulido Serrano,ipulser681@seritium.es,Active,2021/02/07 10:04:12
Irene,Camisón Muñoz,icammun620@seritium.es,Active,2021/02/07 03:04:32
Iria,Colón Martínez,icolmar671@seritium.es,Active,2021/02/02 09:31:31
Iria,Meijide Ramírez,imeiram2604@seritium.es,Active,2021/02/07 08:47:43
Isaac,Martín Sánchez,imarsan316@seritium.es,Active,2021/02/08 00:47:31
Isabel María,Bustillo García,ibusgar297@seritium.es,Active,2021/02/08 04:38:04
Isidoro,Delgado Dorado,ideldor432@seritium.es,Active,2021/02/08 01:29:27
Ismael,Espinar González,iespgon984@seritium.es,Active,2021/02/01 08:18:02
Ismael,Salazar García,isalgar127@seritium.es,Active,2021/02/02 10:31:10
Israel,Domínguez Velarde,idomvel859@seritium.es,Active,2021/02/05 14:04:16
Israel,Bellido Poveda,ibelpov0310@seritium.es,Active,2021/01/20 08:56:37
Iván,García Tinoco,igartin0307@seritium.es,Active,2021/02/06 04:37:53
Iván,Rosique Vázquez,irosvaz0502@seritium.es,Active,2020/10/24 14:29:45
Iván,Vargas López,ivarlop326@seritium.es,Active,2021/02/05 03:46:10
Iván,Córdoba Macías,icormac610@seritium.es,Active,2021/02/08 03:47:46
Iván,Bermúdez Delgado,iberdel964@seritium.es,Active,2021/02/06 13:51:21
Iván,Barba Verde,ibarver271@seritium.es,Active,2021/02/07 13:53:58
Izan,Caro Alcobre,icaralc130@seritium.es,Active,2021/02/08 01:17:45
Jaime,Castillo Jarquín,jcasjar183@seritium.es,Active,2021/02/07 09:09:45
Jaime,Hernández Sibaja,jhersib480@seritium.es,Active,2021/02/08 01:51:19
Jaime,Benítez García,jbengar726@seritium.es,Active,2021/02/04 06:43:38
Jaime,Alcántara Galindo,jalcgal2711@seritium.es,Active,2021/02/08 06:23:59
Jaime,Fernández Arroyo,jferarr0809@seritium.es,Active,2021/02/03 02:53:03
Jairo,Corral García,jcorgar906w@seritium.es,Active,2021/02/06 08:07:12
Jairo,Ortega Flores,jortflo318@seritium.es,Active,2021/02/08 00:33:45
Jairo José,Jiménez Alcocer,jjimalc438@seritium.es,Active,2021/02/05 02:52:33
Janira,Ruíz Giménez,jruigim474@seritium.es,Active,2021/02/08 04:11:41
Javier,Ramírez Carrera,jramcar629@seritium.es,Active,2021/02/07 10:23:28
Javier,Peña Navarro,jpennav1804b@seritium.es,Active,2021/02/08 07:01:22
Javier,Muñoz Marín,jmunmar719@seritium.es,Active,2021/02/04 15:58:41
Javier,Muñoz Merlo,jmunmer2507@seritium.es,Active,2021/02/04 09:56:49
Javier,Quevedo García,jquegar156@seritium.es,Active,2021/02/08 04:35:05
Javier,Serrano Lorenzo,jserlor376@seritium.es,Active,2021/01/27 06:35:54
Javier,Mezcua Fernández,jmezfer317@seritium.es,Active,2021/02/05 01:22:17
Jessica María,García Lorenzo,jgarlor1201@seritium.es,Active,2020/10/08 03:51:55
Jesús,Navarro Muñoz,jnavmun250@seritium.es,Active,2021/02/08 07:06:27
Jesús,Gálvez Cancelo,jgalcan847@seritium.es,Active,2021/02/07 22:57:22
Jesús,Pinto Corbacho,jpincor000@seritium.es,Active,2021/02/08 04:43:43
Jesús,Durán González,jdurgon553@seritium.es,Active,2021/02/07 05:10:45
Jesús,Picón Clemente,jpiccle2010@seritium.es,Active,2021/02/04 00:21:55
Jesús,Gómez García,jgomgar208@seritium.es,Active,2021/02/08 03:11:53
Jesús Mauricio,Pinto Ruiz,jpinrui731@seritium.es,Active,2021/02/08 01:26:23
Jimena,Pérez Lema,jperlem540@seritium.es,Active,2021/02/08 06:32:54
Jimena María,Shub Alconchel,jshualc319@seritium.es,Active,2021/02/07 04:01:06
Joaquín,Cañada Sánchez,jcansan1510@seritium.es,Active,2020/12/15 16:14:04
Joaquín,Alonso Romero,jalorom569@seritium.es,Active,2021/02/08 06:10:31
Joaquín,Mula Galiano,jmulgal1701@seritium.es,Active,2021/02/07 23:12:35
Joaquín Miguel,Peña Segovia,jpenseg290@seritium.es,Active,2021/02/08 00:21:48
Joel,Montes García,jmongar0205@seritium.es,Active,2021/02/07 08:56:14
Jonatan,Rendón Téllez,jrentel412@seritium.es,Active,2021/01/24 23:23:24
Jonathan,Arranz Domínguez,jarrdom3103@seritium.es,Active,2021/01/19 09:28:17
Josefa María,Sánchez Blanco,jsanbla1406@seritium.es,Active,2021/01/27 12:58:38
José,Selma Agarrado,jselaga467@seritium.es,Active,2021/02/08 06:50:25
José,Barroso Fernández,jbarfer444@seritium.es,Active,2021/02/06 12:36:47
José,Quevedo Ruiz-Berdejo,jquerui067@seritium.es,Active,2021/02/07 09:33:09
José,Bernal Gallo,jbergal2111@seritium.es,Active,Never logged in
José Antonio,De los Santos González,jlosgon157@seritium.es,Active,2021/01/11 09:53:17
José Antonio,Hernández Gil,jhergil281@seritium.es,Active,2021/02/07 08:07:58
José Carlos,Coronil Sibajas,jcorsib2912@seritium.es,Active,2021/01/14 00:52:54
José Francisco,Lorenzo Rodríguez,jlorrod676@seritium.es,Active,2021/02/08 01:10:00
José Manuel,Pérez Ríos,jperrio620@seritium.es,Active,2021/02/08 01:47:22
José Manuel,Jaén Valencia,jjaeval1111@seritium.es,Active,2021/02/05 00:01:42
José Manuel,Peña Corral,jpencor670@seritium.es,Active,2021/02/07 09:51:20
José Manuel,Fernández Nieto,jfernie516@seritium.es,Active,2021/02/02 10:52:08
José María,Aguilar Escobar,jaguesc861@seritium.es,Active,2020/12/03 08:03:02
José María,Sanz García,jsangar238@seritium.es,Active,2021/02/08 06:46:39
José María,Rubiales Ruiz,jrubrui747@seritium.es,Active,2021/02/05 04:29:42
José María,Abad Azurmendi,jabaazu447@seritium.es,Active,2021/02/08 03:08:48
José Miguel,Gallo Parra,jgalpar284@seritium.es,Active,2021/01/26 09:42:48
Juan,Sampalo Santiago,jsamsan0408b@seritium.es,Active,2020/12/28 20:21:54
Juan,Rubio Alcón,jrubalc227@seritium.es,Active,2021/02/08 02:54:06
Juan,Palomino Camacho,jpalcam280@seritium.es,Active,2020/12/27 10:28:26
Juan,Rodríguez Ramos,jrodram3006@seritium.es,Active,2021/02/08 02:46:13
Juan Antonio,Delgado Pulido,jdelpul068@seritium.es,Active,2021/01/31 03:19:27
Juan Antonio,Carmona Padilla,jcarpad0506@seritium.es,Active,2021/02/08 06:53:19
Juan Jesús,Muñoz Hidalgo,jmunhid418@seritium.es,Active,2021/02/03 12:25:25
Juan José,Salcedo López,jsallop2905@seritium.es,Active,2021/01/30 03:37:04
Juan José,Lechuga Arcos,jlecarc161@seritium.es,Active,2020/12/14 08:10:25
Juan Manuel,Toro Caballero,jtorcab695@seritium.es,Active,2021/02/08 00:18:54
Juan Manuel,Herrera Pérez,jherper277@seritium.es,Active,2021/02/08 01:12:41
Juan Manuel,Vega Palomo,jvegpal514@seritium.es,Active,2021/02/08 00:55:01
Juan Manuel,Valenzuela Rosales,jvalros165@seritium.es,Active,2021/02/08 00:43:26
Juan Pedro,Nieto Sánchez,jniesan684@seritium.es,Active,2021/01/28 07:49:53
Juana,Bernal Carrasco,jbercar0202@seritium.es,Active,2021/02/01 02:03:41
Julia,Formento Mateo,jformat640@seritium.es,Active,2021/02/08 02:43:43
Julia,Campos Moreno,jcammor970@seritium.es,Active,2021/02/08 03:20:14
Julia Isabel,Crehuet Giraldo,jcregir777@seritium.es,Active,2021/02/07 08:11:51
Julia Zhuo,Rodríguez Cortes,jrodcor410@seritium.es,Active,2021/02/07 04:30:17
Julio,Moreno Espinar,jmoresp039@seritium.es,Active,2021/02/06 09:59:10
Julio,Sánchez Marín,jsanmar155@seritium.es,Active,2021/02/07 06:32:08
Julio,Palomino Moreno,jpalmor932@seritium.es,Active,2021/02/07 11:08:03
Kevin,Polo García,kpolgar027@seritium.es,Active,2021/02/08 06:57:48
Laura,Andrades Castro,landcas169@seritium.es,Active,2020/11/08 06:05:27
Laura,Collado González,lcolgon873@seritium.es,Active,2021/02/08 02:55:09
Laura,Monje González,lmongon732@seritium.es,Active,2021/01/17 04:37:16
Laura,Requejo Pérez,lreqper217@seritium.es,Active,2021/02/06 11:59:11
Laura,Sánchez García,lsangar298@seritium.es,Active,2021/02/08 03:48:45
Laura,Ortega Sánchez,lortsan810@seritium.es,Active,2021/02/04 08:58:50
Laura,Gómez Fernández,lgomfer431@seritium.es,Active,2021/02/07 09:37:31
Laura,Jiménez Gómez,ljimgom820@seritium.es,Active,2020/10/30 01:48:56
Laura,Barea Moreno,lbarmor873@seritium.es,Active,2021/02/07 02:50:15
Laura,Benítez Ruiz,lbenrui958@seritium.es,Active,2021/02/05 10:28:59
Laura,Martínez Iglesias,lmarigl113@seritium.es,Active,2021/02/02 02:24:02
Laura,Barroso Salas,lbarsal669@seritium.es,Active,2021/02/08 01:51:24
Leonardo Javier,Venegas Osorio,lvenoso138@seritium.es,Active,2021/02/05 02:55:41
Leonor María,Oca Cubillana,locacub263@seritium.es,Active,2020/12/10 15:20:47
Lola,García López,mgarlop1112@seritium.es,Active,2021/01/20 12:55:59
Lola,Peña Carrillo,rpencar671@seritium.es,Active,2021/02/07 02:11:44
Lola,Navarro Hidalgo,lnavhid238@seritium.es,Active,2021/02/04 08:18:31
Lola Inés,Oña Barrios,lonabar260@seritium.es,Active,2021/02/07 22:54:03
Lorena,Chacón Chamorro,lchacha013@seritium.es,Active,2021/02/06 04:09:26
Lorena,Sánchez Gallardo,lsangal2709b@seritium.es,Active,2021/01/28 10:18:19
Lorena,Holgado García,lholgar156@seritium.es,Active,2021/02/08 01:51:59
Lorena del Carmen,Armario Bravo,larmbra985@seritium.es,Active,2021/02/04 01:38:40
Lourdes María,Armario Garrido,larmgar031@seritium.es,Active,2021/02/08 02:28:22
Lucas,Jaén Sánchez,ljaesan415@seritium.es,Active,2021/02/07 04:19:04
Lucas,Vázquez García,lvazgar131@seritium.es,Active,2021/02/06 04:12:20
Lucía,Gandolfo Leal,lganlea176@seritium.es,Active,2021/02/03 13:54:06
Lucía,Cazorla Cabello,lcazcab2404@seritium.es,Active,2021/02/04 08:40:03
Lucía,Salazar Cortijo,lsalcor090@seritium.es,Active,2021/02/08 04:22:20
Lucía,Del Valle Pavón,lvalpav250@seritium.es,Active,2021/02/07 12:15:10
Lucía,Carles Jiménez,lcarjim905@seritium.es,Active,2021/01/25 09:55:55
Lucía,Vargas Ballesteros,lvarbal2105@seritium.es,Active,2021/02/07 13:16:35
Lucía,Espejo Fernández,lespfer740@seritium.es,Active,2021/02/06 09:05:58
Lucía,García Benítez,lgarben201@seritium.es,Active,2021/02/08 03:21:18
Lucía,Jiménez Reina,ljimrei622@seritium.es,Active,2021/02/04 02:54:28
Lucía,García López,lgarlop079@seritium.es,Active,2021/02/08 02:47:24
Lucía,Rodríguez López,lrodlop0112@seritium.es,Active,2021/02/07 07:13:02
Lucía,García Álvarez,lgaralv573@seritium.es,Active,2021/02/07 23:26:41
Lucía,López Cazorla,llopcaz909@seritium.es,Active,2021/02/08 04:51:44
Lucía,Cordero Fernández,lcorfer2609@seritium.es,Active,2021/02/05 01:08:00
Lucía,Fernández Riquelme,lferriq057@seritium.es,Active,2021/02/08 03:05:03
Lucía,Fuentes Moscoso,lfuemos110@seritium.es,Active,2021/02/08 03:39:36
Lucía,Serrano Blanca,lserbla299@seritium.es,Active,2021/01/29 02:56:53
Lucía,Suárez García,lsuagar192@seritium.es,Active,2021/02/08 00:54:33
Lucía,Giraldo Pinto,lgirpin594@seritium.es,Active,2021/01/17 10:19:03
Lucía,Bernal Cadena,lbercad186@seritium.es,Active,2021/02/07 01:29:29
Lucía,Barea Jesús,lbarjes907@seritium.es,Active,2021/02/06 08:18:40
Lucía,Morato Jiménez,lmorjim125@seritium.es,Active,2021/02/08 01:10:37
Lucía,Algeciras Agredano,lalgagr263@seritium.es,Active,2021/02/05 03:00:21
Lucía Qiumei Yuan,Vivero Toro,lvivtor817@seritium.es,Active,2021/02/07 15:30:49
Lucía de María,Armario Bravo,larmbra323@seritium.es,Active,2021/02/08 03:34:07
Luis,Loreto Peña,llorpen747@seritium.es,Active,2021/01/27 07:28:00
Luis,Conde Rendón,lconren379@seritium.es,Active,2021/01/26 07:41:12
Luis Enrique,Sastre Rubiales,lsasrub796@seritium.es,Active,2021/01/27 00:33:57
Luisa,Palomeque Berben,lpalber2506@seritium.es,Active,2021/01/26 09:30:29
Luna,Sánchez Escandell,lsanesc291@seritium.es,Active,2021/01/31 01:33:47
Luna,Lara Sexto,llarsex044@seritium.es,Active,2021/02/05 09:21:50
Luna,Fernández Sánchez,lfersan623@seritium.es,Active,2021/02/06 07:43:02
Luna,Rodríguez Grandío,lrodgra0509@seritium.es,Active,2021/02/02 08:18:31
Luna Tatiana,Patiño Becerra,lpatbec356@seritium.es,Active,2021/02/04 05:30:52
Maitane,Blasco Gutiérrez,mblagut0708@seritium.es,Active,2021/02/08 02:32:25
Maite,García Ortegón,mgarorte@seritium.es,Active,2021/01/25 12:56:05
Malena,Aristizabal Jiménez,marijim483@seritium.es,Active,2021/02/06 04:15:58
Manuel,Gálvez García,mgalgar0308@seritium.es,Active,2021/02/07 11:10:30
Manuel,Ortega Torrent,morttor965@seritium.es,Active,2021/02/08 04:32:10
Manuel,Morales Díaz,mmordia596@seritium.es,Active,2021/02/07 15:08:38
Manuel,García García,mgargar595b@seritium.es,Active,2021/01/26 10:17:52
Manuel,Romero Rendón,mromren0703@seritium.es,Active,2021/02/07 04:39:51
Manuel,Tierra Pousada,mtiepou203@seritium.es,Active,2021/02/01 08:20:18
Manuel,Soto Heras,msother104@seritium.es,Active,2021/01/25 04:04:11
Manuel,Lobatón González de Quevedo,mlobgon970@seritium.es,Active,2020/12/02 02:50:37
Manuel Alejandro,Del Río Pérez,mrioper2508@seritium.es,Active,2021/02/07 05:06:20
Manuel Jesús,Ruíz Ortega,mruiort995@seritium.es,Active,2021/02/08 02:54:07
Manuel Jesús,Solano Yesa,msolyes181@seritium.es,Active,2020/12/21 07:33:21
Manuel Ángel,Morales Muñoz,mmormun806@seritium.es,Active,2021/02/02 04:31:26
Manuela,Suárez Pérez,msuaper1605@seritium.es,Active,2021/02/03 11:20:25
Manuela,Jiménez Ruiz,mjimrui0909@seritium.es,Active,2021/02/04 05:30:25
Manuela,Pérez Guzmán,mperguz690@seritium.es,Active,2021/02/05 03:57:28
Manuela,Domínguez Zarzana,mdomzar1604@seritium.es,Active,2021/01/29 14:39:36
Manuela,Conde Rendón,mconren2307@seritium.es,Active,2021/01/30 05:43:13
Manuela,Aguilera Carpio,magucar0811@seritium.es,Active,2020/12/06 17:49:58
Manuela,Domínguez Montañés,mdommon660@seritium.es,Active,2021/02/07 05:28:45
Marcelo,De Sousa Pérez,msouper0410@seritium.es,Active,2020/10/22 03:23:25
Marco,Garrido Veas,mgarvea816@seritium.es,Active,2020/12/20 09:40:42
Marco,Martín Rodríguez,mmarrod405m@seritium.es,Active,2021/02/08 03:54:39
Marco Antonio,Romero Andrades,mromand1204@seritium.es,Active,2021/02/07 10:04:13
Marcos,Gago Pino,mgagpin443@seritium.es,Active,2021/02/07 07:04:34
Marcos,Sánchez Quesada,msanque2511@seritium.es,Active,2021/02/01 01:47:37
Marcos,Vallejo Zambrano,mvalzam803@seritium.es,Active,2021/02/07 03:50:59
Marcos Antonio,Abad Alanzavez,mabaala330@seritium.es,Active,2021/01/19 03:53:38
Mariam,Ben Moussa ,mbelelf851@seritium.es,Active,2021/01/26 01:22:31
Marina,Soto Duque,msotduq082@seritium.es,Active,2020/12/27 08:25:18
Marina,Orgambides Aguilar,morgagu0405@seritium.es,Active,2020/10/31 14:43:16
Marina,Vecino Serrano,mvecser1109@seritium.es,Active,2021/02/05 11:20:12
Marina,Huerta Vega,mhueveg696@seritium.es,Active,2021/02/05 10:13:07
Marina,Cepillo Valle,mcepval018@seritium.es,Active,2021/01/27 11:22:00
Marina,Rubio Rosado,mrubros0405@seritium.es,Active,2021/02/07 12:31:59
Marina,Muñoz Aguilar,mmunagu831@seritium.es,Active,2021/02/08 04:49:43
Marina,Rodríguez Tejada,mrodtej559@seritium.es,Active,2021/02/07 23:18:09
Marina,Carles Jiménez,mcarjim903@seritium.es,Active,2021/01/25 09:54:31
Marina,González Grimaldi,mgongri584@seritium.es,Active,2021/02/07 10:17:03
Marina,Delgado Alanzávez,mdelala738@seritium.es,Active,2021/02/08 05:10:30
Marina,Rivas Jaén,mrivjae919@seritium.es,Active,2021/02/08 05:27:03
Mario,Barroso Salas,mbarsal1510@seritium.es,Active,2021/01/29 06:50:12
Mario,Pérez Parra,mperpar480@seritium.es,Active,2021/01/31 03:52:00
Mario,Escudero López,mesclop2104@seritium.es,Active,2021/01/28 01:23:28
Mario,Ríos Sánchez,mriosan684@seritium.es,Active,2020/12/08 16:47:03
Mario,Sánchez Muñoz,msanmun983@seritium.es,Active,2021/02/08 02:25:51
Mario,Gutiérrez Perdigones,mgutper0209@seritium.es,Active,2021/02/07 03:44:38
Mario,Puerta Rodríguez,mpuerod127@seritium.es,Active,2021/02/08 02:53:49
Mario,Nieto López,mnielop742@seritium.es,Active,2021/02/08 03:58:01
Mario,Román González,mromgon301@seritium.es,Active,2021/02/08 05:04:19
Mario,Vázquez Benavent,mvazben112@seritium.es,Active,2021/02/08 00:49:07
Mario,Conde Nieves,mconnie1903@seritium.es,Active,2020/11/06 03:30:54
Mario,Benítez Mezcua,mbenmez650@seritium.es,Active,2021/01/06 01:25:18
Mariola,Orellana Moreno,moremor076@seritium.es,Active,2021/02/08 14:32:54
Marta,Ramírez Fernández,mramfer1010b@seritium.es,Active,2021/01/25 06:07:53
Marta,González Gómez,mgongom499@seritium.es,Active,2021/02/08 03:47:55
Marta,Pina Morales,mpinmor933@seritium.es,Active,2021/02/08 07:17:21
Marta,Picón Clemente,mpiccle707@seritium.es,Active,2021/02/03 05:38:01
Marta,Muñoz Serrano,mmunser1010@seritium.es,Active,2021/01/29 08:41:13
Marta,Valenzuela Odero,mvalode014@seritium.es,Active,2021/01/27 03:03:01
Marta,Rego Pérez,mregper081@seritium.es,Active,2021/02/06 13:05:37
Marta,Merino Ruiz,mmerrui935@seritium.es,Active,2021/02/07 07:31:36
Marta,Mena Herrera,mmenher756@seritium.es,Active,2021/02/08 03:22:38
Marta,Vega Armario,mvegarm023@seritium.es,Active,2021/02/08 01:40:47
Marta,Gago Pino,mgagpin2507@seritium.es,Active,2021/02/08 02:39:16
Marta,Beato Algeciras,mbeaalg390@seritium.es,Active,2021/02/04 06:58:23
Marta,Morón Infante,mmorinf466@seritium.es,Active,2021/02/06 05:09:59
Marta,Baro Márquez,mbarmar2310b@seritium.es,Active,2021/02/08 07:36:34
Martina,Serrano Blanca,mserbla1610@seritium.es,Active,2021/02/05 00:23:41
Martina,Sánchez Aguilar,msanagu918@seritium.es,Active,2021/01/26 15:00:49
Martina,Merino Ramírez,mmerram1106@seritium.es,Active,2021/02/03 10:55:16
Martín,Prieto Ortegón,mpriort826@seritium.es,Active,2021/02/04 05:09:49
María,Fernández Mudarra,mfermud372@seritium.es,Active,Never logged in
María,Del Valle Ramírez,mvalram633@seritium.es,Active,2021/02/07 03:48:19
María,Rodríguez Sánchez,mrodsan923t@seritium.es,Active,2021/02/02 09:09:52
María,Borrás Calero,mborcal960@seritium.es,Active,2021/02/04 11:24:23
María,Ramírez Pérez,mramper1311@seritium.es,Active,2021/01/31 09:54:42
María,Barranco Rubiales,mbarrub0507@seritium.es,Active,2021/01/26 08:33:53
María,Varga Barca,mvarbar091@seritium.es,Active,2021/02/08 07:13:03
María,Valle Ramos,mvalram1703@seritium.es,Active,2021/02/06 11:36:28
María,Parra Jiménez,mparjim045@seritium.es,Active,2021/02/07 13:24:08
María,Medina Sánchez,mmedsan698@seritium.es,Active,2021/02/08 02:55:48
María,Picón Fernández,mpicfer247@seritium.es,Active,2021/02/08 00:05:06
María,Mauricio Zarzuela,mmauzar716@seritium.es,Active,2021/02/08 03:04:22
María,Hurtado Sánchez,mhursan2612@seritium.es,Active,2021/02/04 01:28:41
María,Aguilar Fernández,magufer940@seritium.es,Active,2021/02/08 03:49:04
María,Llamas Cordero,mllacor222@seritium.es,Active,2021/02/05 01:03:17
María,Bellido Poveda,mbelpov0310@seritium.es,Active,2021/01/12 13:42:59
María,Terriza Lobato,mterlob988@seritium.es,Active,2021/02/04 05:31:49
María,Galafate Gallardo,mgalgal874c@seritium.es,Active,2021/02/08 01:51:09
María,Páez López,mpaelop549@seritium.es,Active,2021/02/07 23:22:54
María Aidai,Donet Granado,mdongra1412@seritium.es,Active,2021/02/02 04:28:00
María Inmaculada,Rodríguez Riesco,mrodrie922@seritium.es,Active,2021/02/07 11:17:59
María José,Bustos Gómez,mbusgom2112@seritium.es,Active,2021/01/14 10:45:00
María José,Quirós Ramírez,mquiram836@seritium.es,Active,2021/01/27 10:09:36
María Li,Jiménez Ruiz,mjimrui488@seritium.es,Active,2021/02/01 22:33:03
María Rocío,Ferrer Del Valle,mferval615@seritium.es,Active,2021/01/31 03:20:20
María Teresa,González Basallote,mgonbas908@seritium.es,Active,2021/02/08 06:25:51
María Valeria,Venegas Osorio,mvenoso402@seritium.es,Active,2021/02/07 12:53:54
María de la Candelaria,Hurtado Moreno,mhurmor1409@seritium.es,Active,2020/11/05 09:32:53
María de los Ángeles,Sánchez Cabral,msancab1212@seritium.es,Active,2021/01/28 08:32:04
María del Camen,Pérez Pina,mperpin0902@seritium.es,Active,2021/02/08 05:12:20
María del Carmen,Ponce Vargas,mponvar864@seritium.es,Active,2021/01/27 10:36:38
María del Carmen,Gómez Espinosa,mgomesp861@seritium.es,Active,2021/02/03 05:29:32
María del Carmen,Santiago Armario,msanarm187@seritium.es,Active,2021/02/05 03:19:16
María del Mar,Gil Galisteo,mgilgal951@seritium.es,Active,2021/02/05 00:48:22
María del Rosario,Pérez Olivero,mperoli1901@seritium.es,Active,2021/01/27 10:29:50
Mateo,Fuentes Moscoso,mfuemos2902@seritium.es,Active,2021/02/05 06:38:50
Matías,Laínez Herrera,mlaiher775@seritium.es,Active,2020/11/19 16:08:41
Matías Andrés,Venegas Osorio,mvenoso403@seritium.es,Active,2021/02/07 10:48:21
Melania,Garrido Pérez,mgarper2812@seritium.es,Active,2021/02/05 07:25:42
Merced,Báez García,mbaegar2010@seritium.es,Active,2021/02/05 08:48:48
Mercedes,Aguilar De Rueda,magurue759@seritium.es,Active,2021/02/08 04:47:41
Miguel,Pérez Olivero,mperoli805@seritium.es,Active,2021/02/08 06:40:47
Miguel,Gago Santantón,mgagsan345@seritium.es,Active,2021/02/08 01:16:53
Miguel,Hernández Sánchez,mhersan0912@seritium.es,Active,2021/01/27 04:51:03
Miguel,Racero Vivero,mracviv0205@seritium.es,Active,2021/02/04 16:22:26
Miguel,Pulido Gallego,mpulgal271@seritium.es,Active,2021/02/08 06:29:45
Miguel,Zapata Afán,mzapafa706@seritium.es,Active,2021/02/07 16:57:33
Miguel Ángel,Marín Hernández,mmarher197@seritium.es,Active,2020/12/16 16:41:19
Miguel Ángel,Cortijo Prieto,mcorpri216@seritium.es,Active,2021/02/07 09:05:33
Miguel Ángel,Campos López,mcamlop304@seritium.es,Active,2021/02/05 03:00:29
Mireya,Dormido Bermúdez,mdorber669@seritium.es,Active,2021/02/08 04:45:56
Misael,Arniz Guerra,marngue1401@seritium.es,Active,Never logged in
Míriam,Amador Orellana,mamaore877@seritium.es,Active,2021/01/31 01:56:48
Míriam,Ganaza Gómez,mgangom108@seritium.es,Active,2021/02/05 08:24:40
Míriam,Maestre Moreiras,mmaemor379@seritium.es,Active,2021/02/08 02:56:45
Nahia,Castro Novas,ncasnov044@seritium.es,Active,2021/02/08 03:22:00
Naiala,De los Ríos Lobato,nloslob3007@seritium.es,Active,2020/12/03 07:13:14
Naihara,León Ferrer,nleofer1205@seritium.es,Active,2021/02/06 11:51:44
Natalia,Baro Pérez,nbarper910@seritium.es,Active,2021/01/31 10:40:18
Natalia,García Losada,ngarlos0307@seritium.es,Active,2021/02/05 00:02:49
Natalia,Arriaza Guitarte,narrgui295@seritium.es,Active,2021/02/03 08:37:54
Natalia,Alcocer Galisteo,nalcgal354@seritium.es,Active,2021/01/19 13:36:14
Natalia,Monterrubio Castañeda,nmoncas723@seritium.es,Active,2021/01/25 00:28:10
Natalia,Sanz García,nsangar1501@seritium.es,Active,2021/02/08 06:52:54
Natalia del Carmen,Armario Padilla,narmpad362@seritium.es,Active,2021/02/05 09:45:22
Natividad,Lechuga Martín,nlecmar0506@seritium.es,Active,2020/11/26 08:50:59
Nazaret,Picón Fernández,npicfer1901@seritium.es,Active,2021/02/02 10:15:44
Nerea,Guijo Valle,nguival449@seritium.es,Active,2021/02/08 02:53:50
Nerea,Benítez Gallego,nbengal965@seritium.es,Active,2021/02/03 01:16:05
Nerea,Ganfornina Garrido,ngangar846@seritium.es,Active,2021/02/06 03:17:17
Nerea,Morales Sánchez,nmorsan382@seritium.es,Active,2021/02/04 12:25:36
Nerea,Vázquez Agudo,nvazagu045@seritium.es,Active,2021/02/03 07:53:25
Nerea,Durán Ríos,ndurrio624@seritium.es,Active,2021/02/03 01:27:59
Nerea,Orellana Sánchez,noresan972@seritium.es,Active,2021/02/08 03:21:56
Nicolet Dit Félix,Sibylle,nsib317@seritium.es,Active,2021/02/07 09:48:49
Noa,Candón Muñoz,ncanmun974@seritium.es,Active,2021/02/07 08:41:02
Noelia,Berenguer Torrecilla,nbertor117@seritium.es,Active,2021/02/03 03:54:33
Nuria,Salgueiro Garrido,nsalgar0906@seritium.es,Active,2021/02/05 03:16:49
Nuria,Garrido Ballesteros,ngarbal1010@seritium.es,Active,2021/02/07 08:12:46
Nuria del Carmen,Ortegón Valle,nortval2806@seritium.es,Active,2021/01/22 03:37:19
Olga Guang,López Pacheco,oloppac781@seritium.es,Active,2021/02/08 05:01:00
Oliver,Vidal Montes,ovidmon744@seritium.es,Active,2021/02/03 09:22:55
Oscar,Escalera Valenzuela,oescval538@seritium.es,Active,2021/01/22 07:42:51
Oscar,Medina López,omedlop085@seritium.es,Active,2020/10/18 00:54:01
Oscar,Richarte González,oricgon712@seritium.es,Active,2021/01/29 14:24:08
Oscar,Bellido Poveda,obelpov537@seritium.es,Active,2021/02/08 02:52:31
Pablo,Berengeno Jiménez,pberjim957@seritium.es,Active,2020/12/06 06:26:43
Pablo,Sotelo Tristán,psottri134@seritium.es,Active,2021/02/08 04:33:10
Pablo,Moreno Fabero,pmorfab491@seritium.es,Active,2021/02/08 02:30:07
Pablo,Castellanos Mateos,pcasmat835@seritium.es,Active,2021/02/07 02:45:15
Pablo,Fernández Del Águila,pferagu2208@seritium.es,Active,2021/02/04 09:12:50
Pablo,Cuadra García,pcuagar304@seritium.es,Active,2021/02/04 11:43:49
Pablo,Rendón Montes,prenmon334@seritium.es,Active,2021/02/05 07:25:43
Pablo,Moreno Borrás,pmorbor212@seritium.es,Active,2021/02/08 05:28:42
Pablo,Román Miguel,prommig895@seritium.es,Active,2021/01/12 13:28:57
Pablo,Martínez Torrejón,pmartor1508@seritium.es,Active,2021/02/07 04:23:09
Pablo,Moreno Neupavert,pmorneu892@seritium.es,Active,2021/02/05 12:31:17
Pablo Javier,Ortega Jiménez,portjim499@seritium.es,Active,2021/02/02 04:32:09
Pablo Manuel,Contreras Bermúdez,pconber325@seritium.es,Active,Never logged in
Paola,Sánchez García,psangar2110@seritium.es,Active,2021/01/31 02:38:57
Paola,Morales Vidal,pmorvid583@seritium.es,Active,2021/02/06 16:53:44
Paola,Campos Gamboa,pcamgam287@seritium.es,Active,2021/02/08 05:53:02
Paola,Guerra Franco,pguefra876@seritium.es,Active,2021/02/07 10:15:31
Paola,Delgado González,pdelgon210@seritium.es,Active,2021/02/02 04:27:31
Paola,Garrido Almagro,pgaralm440@seritium.es,Active,2021/01/29 03:02:35
Pascual,Silva Romero,psilrom735@seritium.es,Active,2021/02/07 06:51:22
Patricia,Crespo Pérez,pcreper489@seritium.es,Active,2021/02/08 05:26:51
Paula,Estudillo Lozano,pestloz795@seritium.es,Active,2020/10/06 03:16:11
Paula,Téllez Valenzuela,ptelval901@seritium.es,Active,2020/10/11 06:02:11
Paula,Sampalo Santiago,psamsan3107@seritium.es,Active,2021/02/07 08:21:30
Paula,Muñoz Cavero,pmuncav125@seritium.es,Active,2021/02/08 03:05:16
Paula,Iglesias Cabello,piglcab2601@seritium.es,Active,2021/02/05 05:02:59
Paula,Sánchez Aguilar,psanagu917@seritium.es,Active,2020/11/12 05:24:45
Paula,Garrido Vázquez,pgarvaz2504@seritium.es,Active,2021/02/08 04:44:49
Paula,López Sánchez,plopsan443@seritium.es,Active,2021/02/07 08:35:33
Paula,Pérez Garcés,ppergar095@seritium.es,Active,2021/02/04 01:08:56
Paula,Junquera Santos,pjunsan749@seritium.es,Active,2020/12/23 03:29:39
Paula,Fernández Becerra,pferbec338@seritium.es,Active,2021/02/07 10:17:02
Paula,De la Cruz Hermosín,pcruher245@seritium.es,Active,2021/01/20 08:11:11
Paula,Tirado Conde,ptircon165@seritium.es,Active,2021/01/29 00:04:36
Paula María,Suárez Gómez,psuagom404@seritium.es,Active,2021/01/26 01:43:29
Pedro,Bernal Núñez,pbernun293@seritium.es,Active,2021/02/01 11:17:34
Pedro,Romero Hurtado,promhur809@seritium.es,Active,2021/01/13 09:44:46
Pedro,Lorenzo Rodríguez,plorrod677@seritium.es,Active,2021/02/08 03:09:19
Pedro,Cazorla De la Rosa,pcazros2903@seritium.es,Active,2020/11/20 04:00:06
Pedro,García Hermosín,pgarher194@seritium.es,Active,2021/02/04 05:30:32
Pedro Carlos,Romero Vega,promveg1912@seritium.es,Active,2021/02/08 00:08:47
Pedro Manuel,Barba Ortega,pbarort205@seritium.es,Active,2021/02/05 05:16:12
Pilar,Parra Medel,pparmed505@seritium.es,Active,2021/02/07 06:51:40
Pilar de la Merced,Alba Parada,palbpar2309@seritium.es,Active,2021/02/05 00:47:03
Práxedes,Neira Gómez,pneigom700@seritium.es,Active,2021/02/07 23:17:20
Rafael,Benítez Castrelo,rbencas3005@seritium.es,Active,2021/01/18 09:48:56
Rafael,Medina Rosa,rmedros988@seritium.es,Active,2021/02/07 15:54:36
Rafael,Ortiz Plata,rortpla2004@seritium.es,Active,2020/12/15 04:02:46
Rafael,Caro De los Reyes,rcarlos364@seritium.es,Active,2021/02/08 04:18:59
Rafael,Ríos Sánchez,rriosan0708@seritium.es,Active,2020/11/03 01:31:51
Rafael,Cortés Mudarra,rcormud773@seritium.es,Active,2021/02/04 03:15:16
Rafael,Vázquez Cañas,rvazcan0504@seritium.es,Active,2021/01/26 09:19:42
Raquel,Romero Correa,rromcor086@seritium.es,Active,2021/02/08 06:35:21
Raquel,Garrido Rodríguez,rgarrod1612@seritium.es,Active,2021/01/22 02:56:39
Raquel,Herrera Roldán,rherrol1307@seritium.es,Active,2021/01/31 02:49:23
Raúl,Rodríguez Guerrero,rrodgue979@seritium.es,Active,2021/02/08 05:28:01
Raúl,Márquez López,rmarlop615j@seritium.es,Active,2021/01/29 01:21:09
Raúl,Escalera Valenzuela,rescval537@seritium.es,Active,2021/02/04 03:06:25
Raúl,González Gómez,rgongom545@seritium.es,Active,2021/02/05 02:51:33
Rebeca,Florido Valenzuela,rfloval252@seritium.es,Active,2021/02/04 13:01:17
Rebeca,Crespo Monje,rcremon0910@seritium.es,Active,2021/02/07 09:50:32
Roberto,César Hedrera,rceshed219@seritium.es,Active,2021/02/08 04:44:53
Roberto,Urbano Gómez,rurbgom1207@seritium.es,Active,2021/01/25 10:04:38
Roberto Jared,Oca Cubillana,rocacub2709@seritium.es,Active,2020/11/17 11:41:50
Rocío,Delgado Delgado,rdeldel2607@seritium.es,Active,2021/02/06 09:40:17
Rocío,Montero Ruibal,rmonrui934@seritium.es,Active,2021/02/08 01:36:06
Rocío del Valle,Jiménez Vaquero,rjimvaq666@seritium.es,Active,2021/01/27 04:17:10
Rosa María,Carrasco Núñez,rcarnun669@seritium.es,Active,2021/02/08 02:54:54
Rosa María,Ruano Ruiz,rruarui363@seritium.es,Active,2021/02/07 23:06:42
Rosario,Rosa Mancilla,rrosman0306@seritium.es,Active,2021/02/08 07:19:08
Rosario,Peña Bohórquez,rpenboh716@seritium.es,Active,2021/02/08 00:21:26
Rosario,Lahera Ferrer,rlahfer3005@seritium.es,Active,2021/02/01 13:22:01
Rubén,Reina Romero,rreirom049@seritium.es,Active,2021/01/22 05:35:19
Rubén,Moreno Bravo,rmorbra606@seritium.es,Active,2020/12/20 07:07:31
Rubén,Sánchez Casado,rsancas783@seritium.es,Active,2021/02/08 05:07:33
Rubén,Delgado Rosa,rdelros077@seritium.es,Active,2021/02/08 02:28:45
Rubén,Gómez Bellido,rgombelb@seritium.es,Active,2021/02/07 05:45:39
Rubén,Pazos Cordero,rpazcor1906@seritium.es,Active,2020/12/10 05:25:52
Rubén,Vivas Grifol,rvivgri434@seritium.es,Active,2021/02/03 08:22:28
Rubén,Del Águila García,ragugar872@seritium.es,Active,2021/01/20 04:02:12
Salvador,Sánchez García,ssangar137@seritium.es,Active,2021/01/28 00:19:37
Salvador,Romero Borrego,srombor086@seritium.es,Active,2021/01/27 03:37:59
Samuel,Arriaza Carrasco,sarrcar2302@seritium.es,Active,2021/02/08 06:30:04
Samuel,Fernández Mudarra,sfermud371@seritium.es,Active,Never logged in
Samuel,Quesada Sánchez,squesan730@seritium.es,Active,2021/02/05 00:58:06
Samuel,Ureña Conde,surecon530@seritium.es,Active,2021/02/08 02:35:02
Sandra,Espinosa Alhama,sespalh0411@seritium.es,Active,2021/02/07 06:38:24
Sara,Rivero Arana,srivara829@seritium.es,Active,2021/02/05 02:54:52
Sara,Armario Padilla,sarmpad363@seritium.es,Active,2021/02/07 15:57:16
Sara,Ramírez Braulio,srambra776@seritium.es,Active,2021/02/07 02:17:10
Saray,Navarro Romero,snavrom2810@seritium.es,Active,2021/02/08 00:30:37
Sebastián,Martínez Huaca,smarhua649@seritium.es,Active,2021/02/08 06:27:25
Selena,Bouaiouida Roldán,sbourol953@seritium.es,Active,2021/02/03 01:05:10
Sergio,Doña Cea,sdoncea119@seritium.es,Active,2021/02/08 03:50:15
Sergio,Muñoz Crisol,smuncri404@seritium.es,Active,2021/02/07 15:39:05
Sergio,Rodríguez González,srodgon0509@seritium.es,Active,2021/02/07 14:31:23
Sergio,González Partida,sgonpar779@seritium.es,Active,2021/01/02 08:40:27
Sergio,Rubiales Ruiz,srubrui2512@seritium.es,Active,2021/02/02 06:49:13
Sergio,Pérez Lara,sperlar326@seritium.es,Active,2021/02/05 02:58:33
Sergio,Martín Benítez,smarben327@seritium.es,Active,2021/02/08 01:51:40
Sergio,Rosique González,srosgon118@seritium.es,Active,2021/02/08 02:54:04
Sergio Pedro,Amador Molina,samamol129@seritium.es,Active,2021/02/08 06:18:28
Shaila,Ganfornina Gutiérrez,sgangut553@seritium.es,Active,2020/12/25 08:52:03
Silvestre,Corrales Díaz,scordia126@seritium.es,Active,2021/01/29 03:51:32
Silvia,Torres Marín,stormar676@seritium.es,Active,2021/02/08 04:34:36
Sofía,Ramírez Espinosa,sramesp314@seritium.es,Active,2021/01/07 11:26:09
Sofía,Mateos Marín,smatmar819@seritium.es,Active,2021/02/04 05:30:10
Sofía,Medina Crisóstomo,smedcri302@seritium.es,Active,2021/02/07 04:49:09
Sofía Catalina,Carrasco Cerda,scarcer993@seritium.es,Active,2021/01/28 23:33:18
Soledad,Jiménez Pulido,sjimpul930@seritium.es,Active,2021/02/05 04:54:45
Soledad,Jiménez Vaquero,sjimvaq667@seritium.es,Active,2021/02/06 04:19:03
Sonia,Fernández Holgado,sferhol723@seritium.es,Active,2021/02/08 05:09:27
Soraya,Andrades López,sandlop157@seritium.es,Active,2021/02/08 04:44:18
Soraya,Valero Romero,svalrom606@seritium.es,Active,2021/01/05 05:53:14
Soraya,Gómez Enríquez,sgomenr779@seritium.es,Active,2021/02/08 04:17:02
Susana,Luna Domínguez,slundom877@seritium.es,Active,2021/02/05 07:10:33
Tania,Heredia Gutiérrez,thergut1504@seritium.es,Active,2020/10/22 12:22:40
Tatiana,Ruiz Álvarez,truialv228@seritium.es,Active,2021/02/02 00:57:48
Triana,Gómez Iglesias,tgomigl2210@seritium.es,Active,2021/02/07 09:40:23
Triana,Martín-Arroyo Sánchez,tmarsan520@seritium.es,Active,2020/10/15 01:31:23
Valeria,Merino Ramírez,vmerram707@seritium.es,Active,2021/02/08 03:25:17
Verónica,Valderrama Neupavert,vvalneu768@seritium.es,Active,2021/02/08 00:06:28
Vicente,Sánchez Benítez,vsanben2207@seritium.es,Active,2020/12/18 03:14:13
Victoria Eugenia,Jiménez Pozo,vjimpoz105@seritium.es,Active,2021/02/08 03:28:03
Víctor,Abad Benítez,vababen928@seritium.es,Active,2021/02/08 02:49:01
Víctor,Barroso Rozano,vbarroz814@seritium.es,Active,2021/02/08 03:54:30
Víctor,Mondaza Muñoz,vmonmun2011@seritium.es,Active,2020/12/24 16:31:18
Víctor,Beato Martínez,vbeamar993@seritium.es,Active,2021/02/08 06:42:20
Víctor,Barroso Fernández,vbarfer445@seritium.es,Active,2021/02/06 10:32:20
Víctor,De los Santos Moreno,vlosmor2912@seritium.es,Active,2021/02/05 08:52:53
Yaiza,Benítez Delgado,ybendel0603@seritium.es,Active,2021/02/06 09:15:56
Yanira,Sánchez Arboleda,ysanarb2112@seritium.es,Active,2021/02/02 04:34:41
Yasmín,Zayas Gonçalves,yzaygon2710@seritium.es,Active,2020/11/29 12:22:51
Yeray,Cancelo Duque,ycanduq634@seritium.es,Active,2021/02/07 00:29:27
Yeray,Alcocer López,yalclop535@seritium.es,Active,2021/02/07 09:14:43
Yoel,Garrido Ramírez,ygarram568@seritium.es,Active,2020/10/20 13:02:32
Yoel,Millán Muñoz,ymilmun146@seritium.es,Active,2021/02/03 00:21:35
Yolanda,Rubio Montero,yrubmon0309@seritium.es,Active,2021/02/04 07:27:35
Yumara,Barba Espinosa,ybaresp629@seritium.es,Active,2020/10/22 02:27:54
Zaida,Herrera Barrios,zherbar765@seritium.es,Active,2021/02/08 02:59:56
Zaida,Armida Arias,zarmari835@seritium.es,Active,2021/02/04 07:30:39
Zaida Jacqueline,Moreno Bustamante,zmorbus945@seritium.es,Active,2021/01/28 10:04:45
Zaira Lu,Lozano García de Quirós,zlozgar187@seritium.es,Active,2021/02/08 01:28:54
Zuleima,Palomeque Gómez,zpalgom0201@seritium.es,Active,2021/02/01 14:19:27
África,Herrera Tarrío,ahertar319@seritium.es,Active,2021/02/04 11:11:34
África,Carrasco Roche,acarroc201@seritium.es,Active,2021/02/07 09:43:51
Álvaro,Garrucho Granado,agargra2503@seritium.es,Active,2021/02/05 12:16:52
Álvaro,Parra Cintado,aparcin952@seritium.es,Active,2021/02/08 01:17:57
Álvaro,Orihuela Orellana,aoriore256@seritium.es,Active,2021/02/06 07:22:54
Álvaro,Arroyo Domínguez,aarrdom1507@seritium.es,Active,2021/02/05 11:34:22
Álvaro,Román Miguel,arommig893@seritium.es,Active,2021/02/08 02:53:36
Álvaro,Gilabert Márquez,agilmar370@seritium.es,Active,2021/02/02 04:02:48
Álvaro,Gallo Benítez,agalben170@seritium.es,Active,2021/02/06 12:53:34
Álvaro,Sánchez Quesada,asanque2511@seritium.es,Active,2021/02/01 01:47:38
Álvaro,Calvo Tejero,acaltej549@seritium.es,Active,2021/02/08 02:37:44
Álvaro,Ruiz Colina,aruicol1106@seritium.es,Active,2021/02/07 06:36:30
Álvaro,Alcántara Galindo,aalcgal662@seritium.es,Active,2021/02/08 06:23:59
Ángel,Sánchez Romero,asanrom312q@seritium.es,Active,2021/02/08 04:52:47
Ángel,Ordóñez García,aordgar0903@seritium.es,Active,2021/02/05 02:51:50
Ángela,Garrido González,agargon267@seritium.es,Active,2021/02/07 23:30:09
Ángela María,Pinto Ruiz,apinrui280@seritium.es,Active,2021/02/07 15:16:18
